{"area": {"4": [[445.88354596622935, 20715.256, 4491.316097560976]]}, "wh": {"4": [[0.9116279992310664, 4.461866022153055, 1.4364436515603487]]}}