{"area": {"6": [[2944.331886792458, 327998.465, 61833.65000000001]]}, "wh": {"6": [[0.7924995686701847, 1.0791912873740943, 1.5387137508999738]]}}