{"area": {"3": [[115.23981224489806, 229.5712005277045, 402.58706806282726]]}, "wh": {"3": [[1.0173365381012998, 1.2823848681109091, 0.775057278244329]]}}