{"area": {"2": [[3480.785483568081, 308973.5683333333, 122853.48666666666]]}, "wh": {"2": [[1.0862359725383408, 2.8890502742656117, 6.888443712446774]]}}