{"area": {"1": [[4777.798153564907, 353612.125, 60054.53333333333]]}, "wh": {"1": [[0.8460112629260792, 163.78860971524287, 9.380776501938355]]}}