{"area": {"5": [[200.93094984112457, 35627.42, 7329.919855072463]]}, "wh": {"5": [[1.2771930932948923, 5.616103525307679, 0.838026439430788]]}}