{"4": 1.533793103448276, "5": 2.745982694684796, "2": 1.1087628865979382, "3": 1.5473309608540926, "1": 1.2281449893390193, "6": 1.2080291970802919, "total": 2.8266518188567185}