{"\u5851\u6599\u5305\u88c5": 1.0819672131147542, "\u536b\u751f\u7eb8": 1.0, "\u6728\u5236\u54c1": 1.0323974082073435, "\u80f6\u5e26": 1.002808988764045, "\u6307\u7532\u6cb9\u74f6": 1.0053763440860215, "\u5e9f\u5f03\u9488\u7ba1": 1.0, "\u91d1\u5c5e\u5de5\u5177": 1.2088948787061995, "\u9632\u788e\u6c14\u6ce1\u819c": 1.0, "\u98df\u54c1\u5916\u5305\u88c5\u76d2": 1.0, "\u91d1\u5c5e\u5236\u54c1": 1.0218253968253967, "\u4e00\u6b21\u6027\u53e3\u7f69": 1.008849557522124, "\u7af9\u5236\u54c1": 1.0178571428571428, "\u53e3\u7ea2": 1.0080213903743316, "\u4e2d\u836f\u6e23": 1.0, "\u98df\u54c1\u53ca\u65e5\u7528\u54c1\u73bb\u7483\u74f6\u7f50": 1.0044052863436124, "\u624b\u673a\u7535\u6c60": 1.0, "\u63d2\u5ea7": 1.0, "\u5851\u6599\u8863\u67b6": 1.0033112582781456, "\u5851\u6599\u73a9\u5177": 1.0149253731343284, "\u7b14": 1.0239043824701195, "\u7535\u7ebf": 1.0025510204081634, "\u7259\u5237": 1.0, "\u9502\u7535\u6c60": 1.0, "\u53e3\u670d\u6db2\u74f6": 1.003220611916264, "\u6253\u706b\u673a": 1.0027855153203342, "\u9e21\u9aa8\u5934": 1.0, "\u69b4\u83b2\u58f3": 1.0, "\u7c89\u7b14": 1.0, "\u5c3c\u9f99\u5236\u54c1": 1.0122448979591836, "\u7eff\u690d": 1.0014619883040936, "\u8282\u80fd\u706f": 1.0026737967914439, "\u70df\u76d2": 1.0058651026392962, "\u6613\u62c9\u7f50": 1.0084745762711864, "\u706f\u7ba1\u706f\u6ce1": 1.0, "\u77ff\u6cc9\u6c34\u74f6": 1.0, "\u7535\u8def\u677f": 1.0, "\u4e00\u6b21\u6027\u5851\u6599\u9910\u76d2\u9910\u5177": 1.018181818181818, "\u836f\u74f6": 1.0086455331412103, "\u70df\u5934": 1.0, "\u521b\u53ef\u8d34": 1.0, "\u776b\u6bdb\u818f": 1.004524886877828, "\u87f9\u58f3": 1.0100755667506298, "\u6a61\u76ae\u6ce5": 1.0040567951318458, "\u80f6\u56ca": 1.0, "\u897f\u74dc\u5b50": 1.0035714285714286, "\u4e2d\u836f\u6750": 1.0084745762711864, "\u773c\u836f\u6c34\u74f6": 1.005281690140845, "\u5229\u4e50\u5305": 1.0240963855421688, "\u5851\u6599\u6ce1\u6cab": 1.0, "X\u5149\u7247": 1.0, "\u9762\u98df": 1.0064516129032257, "\u575a\u679c\u58f3": 1.0093457943925233, "\u68c9\u7b7e": 1.0, "\u4fe1\u5c01": 1.0, "\u98ce\u5e72\u98df\u54c1": 1.0, "\u9762\u5305": 1.0, "\u7518\u8517\u76ae": 1.00418410041841, "\u62a5\u7eb8": 1.002469135802469, "\u4fdd\u6e29\u676f": 1.006269592476489, "\u82b1\u751f\u58f3": 1.0054054054054054, "\u73bb\u7483\u5236\u54c1": 1.0, "\u53c9\u5b50": 1.0, "\u7ebd\u6263\u7535\u6c60": 1.0, "\u5927\u9aa8\u68d2": 1.0, "\u98df\u54c1\u5851\u6599\u76d2": 1.0093457943925233, "\u955c\u5b50": 1.0070175438596491, "\u6570\u636e\u7ebf": 1.0, "\u519c\u836f\u74f6": 1.0, "\u788e\u73bb\u7483\u7247": 1.0, "\u5c0f\u9f99\u867e": 1.0, "\u6811\u53f6": 1.0, "\u7259\u818f\u76ae": 1.0, "\u7cbd\u5b50": 1.0, "\u67d3\u53d1\u5242\u58f3": 1.0, "\u6bdb\u53d1": 1.0, "\u83dc\u5200": 1.0, "\u7cd5\u997c": 1.0, "\u72d7\u5c3f\u5e03": 1.0, "\u997c\u5e72": 1.0125523012552302, "\u80f6\u5377": 1.0, "\u4e1d\u7ef8\u624b\u7ee2": 1.0, "\u56fe\u4e66\u671f\u520a": 1.0, "\u7389\u7c73\u68d2": 1.0, "\u4e66\u5305": 1.0, "\u6795\u5934": 1.0165745856353592, "\u7bee\u7403": 1.0, "\u68c9\u88ab": 1.0, "\u5e8a\u4e0a\u7528\u54c1": 1.065217391304348, "\u65e7\u6bdb\u5dfe": 1.0, "\u5feb\u9012\u7eb8\u888b": 1.0, "\u91d1\u5c5e\u74f6\u7f50": 1.0059760956175299, "\u6cb9\u6f06\u6876": 1.0, "\u8db3\u7403": 1.0, "\u7f50\u5934\u76d2": 1.0, "\u6740\u866b\u5242\u53ca\u7f50": 1.0, "\u5e7f\u544a\u5355": 1.0, "\u84c4\u7535\u6c60": 1.0, "\u98df\u7528\u6cb9\u6876": 1.0, "\u76ae\u5e26": 1.0, "\u786c\u5851\u6599": 1.02, "\u7a97\u73bb\u7483": 1.0, "\u6d88\u6bd2\u6db2\u74f6": 1.0, "\u836f\u54c1\u5305\u88c5": 1.0, "\u5c3f\u7247": 1.0, "\u4e00\u6b21\u6027\u624b\u5957": 1.0, "\u52fa\u5b50": 1.0067340067340067, "\u7c89\u6251": 1.0, "\u5145\u7535\u5b9d": 1.0, "\u74dc\u5b50\u58f3": 1.0, "\u91d1\u5c5e\u7b77\u5b50": 1.0064102564102564, "\u6742\u8349": 1.0, "\u836f\u7247": 1.0023640661938533, "\u4f18\u76d8": 1.002808988764045, "\u9999\u8549\u76ae": 1.0, "\u8f93\u6db2\u7ba1": 1.0, "\u897f\u74dc\u76ae": 1.0064102564102564, "\u87ba\u86f3": 1.0, "\u6838\u6843": 1.0108695652173914, "\u8d1d\u7c7b\u53bb\u786c\u58f3": 1.0, "\u5e72\u679c": 1.0, "\u8bdd\u6885\u6838": 1.0, "\u7cd6\u679c": 1.0, "\u6c34\u5f69\u7b14": 1.0133333333333334, "\u52a8\u7269\u5185\u810f": 1.0068493150684932, "\u6253\u5370\u7eb8": 1.0, "\u773c\u5f71": 1.0, "\u67a3\u6838": 1.0, "\u7eb8\u5dfe": 1.0, "\u6392\u9aa8-\u5c0f\u808b\u6392": 1.0, "\u83cc\u83c7\u7c7b": 1.0112359550561798, "\u83dc\u53f6": 1.0, "\u5438\u94c1\u77f3": 1.0, "\u6c34\u94f6\u6e29\u5ea6\u8ba1": 1.0129870129870129, "\u6e7f\u5dfe": 1.0, "\u978b": 1.0, "\u65e5\u5386": 1.0, "\u4e8c\u6781\u7ba1": 1.0, "\u58a8\u76d2": 1.0, "\u8c46\u7c7b": 1.0289855072463767, "\u85af\u7247": 1.0, "\u8354\u679d\u58f3": 1.0, "\u7c89\u5e95\u6db2": 1.0, "\u82f9\u679c\u6838": 1.0, "total": 9.389796598866289}