{"guess_table": 1.038662486938349, "work_table": 1.747276688453159, "guest": 2.689732142857143, "worker": 1.9898697539797394, "mask": 1.9466950959488274, "chair_nobody": 2.4283667621776504, "no_mask": 1.5582822085889572, "total": 8.428861788617887}