{"area": {"work_table": [[112256.17417033546, 524274.1339963244, 278717.0262931013]]}, "wh": {"work_table": [[0.9376032899117638, 3.742692345554884, 1.8060880636604038]]}}