{"area": {"worker": [[42909.99741858575, 260664.04021309502, 120018.94970604478]]}, "wh": {"worker": [[0.6405198875451359, 1.008601916624805, 1.6489435599012428]]}}