{"area": {"guest": [[18015.82072233539, 50894.85569365189, 107233.6235414901]]}, "wh": {"guest": [[1.591499645856971, 0.5703298610058595, 1.0049068985149707]]}}