{"area": {"guest_table": [[430330.9194289041, 703001.1003802442, 238364.116659575]]}, "wh": {"guest_table": [[6.593844755016455, 9.89560188855285, 3.5285461384590504]]}}