{"guest_table": 1.0384236453201972, "work_table": 1.718974358974359, "worker": 1.9755102040816326, "guest": 2.7041666666666666, "total": 5.269230769230769}